# Redirects from what the browser requests to what we serve

/en/* /:splat 301
/hr/* /:splat 301
/clanci/* /articles/ 301
/categories/articles /articles/ 301!
/categories/articles/* /articles/:splat 301!
/categories/portfolio /portfolio/ 301!
/categories/portfolio/* /portfolio/:splat 301!
/categories/side-projects /side-projects/ 301!
/categories/side-projects/* /side-projects/:splat 301!
/mentoring https://mentor.silvestar.codes/ 301!
/newsletter https://mentor.silvestar.codes/reads#newsletter 301!
/newsletter/ https://mentor.silvestar.codes/reads/#newsletter 301!
/portfolio/huggable /portfolio/little-bundle/ 301!
/portfolio/littlebundle /portfolio/little-bundle/ 301!
/portfolio/moddings /portfolio/moodings/ 301!
/portfolio/dominodatalab-pop-up /portfolio/dominodatalab-pop/ 301!
/offline.html / 301!
